{"stats":{"minecraft:crafted":{"aquaculture:wooden_fillet_knife":1,"minecraft:crafting_table":1,"minecraft:spruce_planks":32,"minecraft:stick":8,"minecraft:wooden_pickaxe":1},"minecraft:mined":{"minecraft:large_fern":1,"minecraft:spruce_leaves":2,"minecraft:spruce_log":8,"minecraft:crafting_table":1},"minecraft:custom":{"minecraft:time_since_rest":4740,"minecraft:play_one_minute":4740,"minecraft:crouch_one_cm":214,"minecraft:sprint_one_cm":3715,"minecraft:walk_one_cm":9376,"minecraft:sneak_time":176,"minecraft:walk_under_water_one_cm":111,"minecraft:mob_kills":1,"minecraft:jump":15,"minecraft:leave_game":1,"minecraft:damage_dealt":110,"minecraft:walk_on_water_one_cm":274,"minecraft:time_since_death":4740,"minecraft:interact_with_crafting_table":2,"minecraft:fly_one_cm":926},"minecraft:killed":{"minecraft:cow":1},"minecraft:used":{"minecraft:crafting_table":2,"aquaculture:wooden_fillet_knife":16},"minecraft:picked_up":{"minecraft:crafting_table":1,"minecraft:leather":1,"minecraft:beef":2,"minecraft:spruce_log":8}},"DataVersion":2586}