{"stats":{"minecraft:custom":{"minecraft:time_since_rest":15610,"minecraft:interact_with_furnace":5,"minecraft:sprint_one_cm":7121,"minecraft:damage_taken":40,"minecraft:walk_one_cm":39351,"minecraft:mob_kills":1,"minecraft:drop":1,"minecraft:damage_dealt":307,"minecraft:interact_with_crafting_table":5,"minecraft:fly_one_cm":3600,"minecraft:crouch_one_cm":1564,"minecraft:play_one_minute":15610,"minecraft:sneak_time":535,"minecraft:walk_under_water_one_cm":111,"minecraft:jump":140,"minecraft:leave_game":3,"minecraft:walk_on_water_one_cm":274,"minecraft:time_since_death":15610,"minecraft:fall_one_cm":1374},"minecraft:picked_up":{"minecraft:crafting_table":1,"minecraft:leather":1,"minecraft:torch":1,"minecraft:spruce_log":8,"minecraft:beef":2,"minecraft:iron_ore":5,"minecraft:coal":13,"minecraft:cobblestone":51},"minecraft:used":{"minecraft:stone_sword":9,"minecraft:stone_pickaxe":46,"minecraft:wooden_pickaxe":26,"aquaculture:wooden_fillet_knife":16,"minecraft:torch":2,"minecraft:cobblestone":12,"minecraft:crafting_table":2,"minecraft:furnace":1,"minecraft:cooked_beef":1},"minecraft:crafted":{"minecraft:cooked_beef":2,"minecraft:crafting_table":1,"minecraft:spruce_planks":32,"minecraft:stick":12,"minecraft:wooden_pickaxe":1,"minecraft:stone_pickaxe":1,"minecraft:stone_sword":1,"minecraft:furnace":1,"minecraft:torch":12,"aquaculture:wooden_fillet_knife":1,"minecraft:air":0},"minecraft:dropped":{"minecraft:cooked_beef":1},"minecraft:mined":{"minecraft:large_fern":1,"minecraft:iron_ore":5,"minecraft:spruce_log":8,"minecraft:crafting_table":1,"minecraft:coal_ore":12,"minecraft:cobweb":1,"minecraft:spruce_leaves":2,"minecraft:stone":53},"minecraft:killed":{"minecraft:cow":1}},"DataVersion":2586}