{"stats":{"minecraft:crafted":{"minecraft:torch":4,"minecraft:crafting_table":1,"minecraft:spruce_planks":24,"minecraft:stick":4,"minecraft:stone_pickaxe":1,"minecraft:wooden_pickaxe":1},"minecraft:mined":{"minecraft:grass_block":3,"minecraft:coal_ore":13,"minecraft:dirt":5,"minecraft:iron_ore":3,"minecraft:spruce_leaves":1,"minecraft:spruce_log":6,"minecraft:stone":7},"minecraft:custom":{"minecraft:time_since_rest":6222,"minecraft:play_one_minute":6222,"minecraft:crouch_one_cm":2470,"minecraft:sprint_one_cm":9485,"minecraft:damage_taken":10,"minecraft:walk_one_cm":10787,"minecraft:sneak_time":895,"minecraft:walk_under_water_one_cm":60,"minecraft:jump":36,"minecraft:walk_on_water_one_cm":246,"minecraft:leave_game":1,"minecraft:time_since_death":6222,"minecraft:interact_with_crafting_table":3,"minecraft:fall_one_cm":418,"minecraft:fly_one_cm":3633},"minecraft:used":{"minecraft:torch":3,"minecraft:crafting_table":1,"minecraft:stone_pickaxe":15,"minecraft:wooden_pickaxe":8},"minecraft:picked_up":{"minecraft:stick":2,"minecraft:iron_ore":1,"minecraft:spruce_log":6,"minecraft:coal":13,"minecraft:dirt":8,"minecraft:cobblestone":7}},"DataVersion":2586}