{"stats":{"minecraft:dropped":{"minecraft:torch":1,"minecraft:cobblestone":7},"minecraft:custom":{"minecraft:time_since_rest":30337,"minecraft:interact_with_furnace":16,"minecraft:sprint_one_cm":56862,"minecraft:damage_taken":60,"minecraft:walk_one_cm":94493,"minecraft:mob_kills":2,"minecraft:drop":8,"minecraft:damage_dealt":293,"minecraft:interact_with_crafting_table":18,"minecraft:fly_one_cm":19123,"minecraft:play_one_minute":30337,"minecraft:crouch_one_cm":10075,"minecraft:sneak_time":3272,"minecraft:walk_under_water_one_cm":146,"minecraft:jump":274,"minecraft:leave_game":10,"minecraft:time_since_death":30337,"minecraft:walk_on_water_one_cm":3465,"minecraft:fall_one_cm":2580},"minecraft:crafted":{"minecraft:iron_chestplate":2,"minecraft:shield":1,"minecraft:crafting_table":1,"minecraft:iron_axe":1,"minecraft:spruce_planks":48,"minecraft:stick":16,"minecraft:wooden_pickaxe":1,"minecraft:iron_ingot":49,"minecraft:iron_pickaxe":1,"minecraft:stone_pickaxe":2,"minecraft:iron_sword":1,"minecraft:iron_leggings":2,"minecraft:furnace":1,"minecraft:torch":24,"minecraft:air":0},"minecraft:used":{"minecraft:iron_axe":28,"minecraft:stone_pickaxe":172,"minecraft:iron_pickaxe":79,"minecraft:wooden_pickaxe":8,"minecraft:iron_sword":10,"minecraft:torch":22,"minecraft:cobblestone":5,"minecraft:crafting_table":1,"minecraft:furnace":1,"minecraft:cooked_beef":1},"minecraft:broken":{"minecraft:stone_pickaxe":1},"minecraft:mined":{"minecraft:iron_ore":45,"minecraft:spruce_log":23,"minecraft:crafting_table":1,"minecraft:granite":2,"minecraft:grass_block":3,"minecraft:coal_ore":73,"minecraft:dirt":11,"minecraft:cobweb":6,"minecraft:spruce_leaves":7,"minecraft:stone":123,"minecraft:diorite":10,"minecraft:wall_torch":1},"minecraft:picked_up":{"minecraft:stick":2,"minecraft:crafting_table":1,"minecraft:cooked_beef":1,"minecraft:torch":2,"minecraft:spruce_sapling":4,"minecraft:gunpowder":2,"minecraft:shield":1,"minecraft:diorite":10,"minecraft:spruce_log":45,"minecraft:dirt":14,"minecraft:string":6,"minecraft:granite":2,"minecraft:iron_ore":44,"minecraft:coal":72,"minecraft:cobblestone":131},"minecraft:killed":{"minecraft:creeper":2}},"DataVersion":2586}