{"stats":{"minecraft:custom":{"minecraft:time_since_rest":23980,"minecraft:interact_with_furnace":16,"minecraft:sprint_one_cm":49894,"minecraft:damage_taken":60,"minecraft:walk_one_cm":60897,"minecraft:mob_kills":1,"minecraft:drop":8,"minecraft:damage_dealt":93,"minecraft:interact_with_crafting_table":18,"minecraft:fly_one_cm":19046,"minecraft:crouch_one_cm":8818,"minecraft:play_one_minute":23980,"minecraft:sneak_time":3056,"minecraft:walk_under_water_one_cm":60,"minecraft:jump":254,"minecraft:leave_game":1,"minecraft:walk_on_water_one_cm":1372,"minecraft:time_since_death":23980,"minecraft:fall_one_cm":2580},"minecraft:picked_up":{"minecraft:stick":2,"minecraft:crafting_table":1,"minecraft:cooked_beef":1,"minecraft:torch":1,"minecraft:spruce_sapling":4,"minecraft:diorite":10,"minecraft:spruce_log":45,"minecraft:string":2,"minecraft:dirt":14,"minecraft:granite":2,"minecraft:iron_ore":44,"minecraft:coal":72,"minecraft:cobblestone":94},"minecraft:crafted":{"minecraft:iron_chestplate":2,"minecraft:shield":1,"minecraft:iron_axe":1,"minecraft:crafting_table":1,"minecraft:spruce_planks":48,"minecraft:stick":16,"minecraft:iron_ingot":49,"minecraft:wooden_pickaxe":1,"minecraft:iron_pickaxe":1,"minecraft:stone_pickaxe":2,"minecraft:iron_sword":1,"minecraft:iron_leggings":2,"minecraft:furnace":1,"minecraft:torch":24,"minecraft:air":0},"minecraft:used":{"minecraft:iron_axe":27,"minecraft:stone_pickaxe":172,"minecraft:iron_pickaxe":42,"minecraft:wooden_pickaxe":8,"minecraft:iron_sword":3,"minecraft:torch":20,"minecraft:cobblestone":1,"minecraft:crafting_table":1,"minecraft:furnace":1,"minecraft:cooked_beef":1},"minecraft:broken":{"minecraft:stone_pickaxe":1},"minecraft:dropped":{"minecraft:torch":1,"minecraft:cobblestone":7},"minecraft:mined":{"minecraft:iron_ore":45,"minecraft:spruce_log":23,"minecraft:crafting_table":1,"minecraft:granite":2,"minecraft:grass_block":3,"minecraft:coal_ore":73,"minecraft:dirt":11,"minecraft:cobweb":2,"minecraft:spruce_leaves":7,"minecraft:stone":86,"minecraft:diorite":10,"minecraft:wall_torch":1},"minecraft:killed":{"minecraft:creeper":1}},"DataVersion":2586}